title,link,replies,views
Quy định diễn đàn F319.COM - topic giải quyết thắc mắc và yêu cầu,https://f319.comthreads/quy-dinh-dien-dan-f319-com-topic-giai-quyet-thac-mac-va-yeu-cau.1804467/,,
"Phân tích kỹ thuật (TA) - (chỉ chia sẻ kiến thức, ko spam)",https://f319.comthreads/phan-tich-ky-thuat-ta-chi-chia-se-kien-thuc-ko-spam.13691/,,
HAH – Cập nhật KQKD Q4/25.,https://f319.comthreads/hah-cap-nhat-kqkd-q4-25.1946593/,,
Đề xuất cho giao dịch xuyên nghỉ lễ,https://f319.comthreads/de-xuat-cho-giao-dich-xuyen-nghi-le.1945945/,,
Các phương pháp quản trị rủi ro trong trading?,https://f319.comthreads/cac-phuong-phap-quan-tri-rui-ro-trong-trading.1946621/,,
"DXG: nếu Đất Xanh phát hành thêm để chuẩn bị nguồn lực cho Kỷ nguyên mới, tôy sẽ ủng hộ!",https://f319.comthreads/dxg-neu-dat-xanh-phat-hanh-them-de-chuan-bi-nguon-luc-cho-ky-nguyen-moi-toy-se-ung-ho.1946619/,,
Lý do tại sao thị trường sẽ bùng nổ sau Tết 2026,https://f319.comthreads/ly-do-tai-sao-thi-truong-se-bung-no-sau-tet-2026.1946627/,,
TCB và thương vụ thập kỷ - Thị trường đang định giá SAI cho cổ phiếu này,https://f319.comthreads/tcb-va-thuong-vu-thap-ky-thi-truong-dang-dinh-gia-sai-cho-co-phieu-nay.1946501/,,
Tản mạn về CPI và TTCK (53),https://f319.comthreads/tan-man-ve-cpi-va-ttck-53.1942249/,,
Ngôi nhà nhỏ trên Thảo Nguyên - P88,https://f319.comthreads/ngoi-nha-nho-tren-thao-nguyen-p88.1946191/,,
SZL-có xứng đáng để đầu tư?,https://f319.comthreads/szl-co-xung-dang-de-dau-tu.1293301/,,
"Bank kéo sóng, bộ tứ ngân hàng!",https://f319.comthreads/bank-keo-song-bo-tu-ngan-hang.1946623/,,
BIDV đính chính thông tin siết tín dụng BĐS,https://f319.comthreads/bidv-dinh-chinh-thong-tin-siet-tin-dung-bds.1946613/,,
KSQ lãi 47.5 %,https://f319.comthreads/ksq-lai-47-5.1944321/,,
MBB – Giai đoạn KQKD cho trái ngọt,https://f319.comthreads/mbb-giai-doan-kqkd-cho-trai-ngot.1946591/,,
[BSR] Kế hoạch về điểm mua số 2 khi có vùng củng cố xu hướng tăng trước đó.,https://f319.comthreads/bsr-ke-hoach-ve-diem-mua-so-2-khi-co-vung-cung-co-xu-huong-tang-truoc-do.1943439/,,
FPT - chiến lược cho dài hạn,https://f319.comthreads/fpt-chien-luoc-cho-dai-han.1938047/,,
Tất cả các dòng sông đều chảy - P2,https://f319.comthreads/tat-ca-cac-dong-song-deu-chay-p2.1934311/,,
Thông tư 68 -->> 79 --->> 66 Cp trần tím ăn bằng lần $$$$$,https://f319.comthreads/thong-tu-68-79-66-cp-tran-tim-an-bang-lan.1945725/,,
"Tọa sơn, thưởng trà….Luận phong thủy cho năm Bính Ngọ.",https://f319.comthreads/toa-son-thuong-tra-luan-phong-thuy-cho-nam-binh-ngo.1942255/,,
VVS: Bóng dáng của Thaco?,https://f319.comthreads/vvs-bong-dang-cua-thaco.1925625/,,
VCG tin ra là đáy = Múc,https://f319.comthreads/vcg-tin-ra-la-day-muc.1946125/,,
